City_ID,City,Country,Lat,Lng,Max Temp,Humidity,Cloudiness,Wind Speed,Current Description
0,Cape Town,ZA,-33.9258,18.4232,69.89,54,0,1.99,clear sky
1,Upernavik,GL,72.7868,-56.1549,37.85,84,1,1.92,clear sky
2,Bogdana,RO,43.9333,25.0833,67.01,59,87,3.96,heavy intensity rain
3,Acari,PE,-15.4311,-74.6158,73.62,53,34,4.68,scattered clouds
4,Hirara,JP,24.8,125.2833,80.15,81,100,16.2,overcast clouds
5,Aginskoye,RU,51.1,114.53,54.1,54,9,2.73,clear sky
6,Padang,ID,-0.9492,100.3543,77.05,87,85,2.64,overcast clouds
7,Longyearbyen,SJ,78.2186,15.6401,35.44,80,75,9.22,broken clouds
8,Konigswinter,DE,50.6833,7.1833,77.43,60,55,5.93,broken clouds
9,Rikitea,PF,-23.1203,-134.9692,76.51,83,99,19.48,light rain
10,Vaini,TO,-21.2,-175.2,62.76,94,20,4.61,few clouds
11,Meulaboh,ID,4.1363,96.1285,78.35,84,100,0.38,overcast clouds
12,Sept-Iles,CA,50.2001,-66.3821,65.7,46,11,15.66,few clouds
13,Mataura,NZ,-46.1927,168.8643,49.48,96,100,2.3,overcast clouds
14,Bredasdorp,ZA,-34.5322,20.0403,69.12,56,0,5.86,clear sky
15,Busselton,AU,-33.65,115.3333,57.04,54,100,20.42,overcast clouds
16,Rosetta,EG,31.4044,30.4164,77.0,62,0,10.2,clear sky
17,Gat,IL,31.61,34.7642,83.39,46,12,12.12,few clouds
18,Tautira,PF,-17.7333,-149.15,77.02,79,90,11.81,overcast clouds
19,Atuona,PF,-9.8,-139.0333,78.85,81,53,16.87,light rain
20,Waingapu,ID,-9.6567,120.2641,75.02,82,61,8.05,broken clouds
21,Kaitangata,NZ,-46.2817,169.8464,43.93,87,93,3.62,overcast clouds
22,Thompson,CA,55.7435,-97.8558,50.16,87,75,6.91,broken clouds
23,San Jeronimo,PE,-11.9472,-75.2829,54.16,62,86,3.15,overcast clouds
24,Gidole,ET,5.65,37.3667,66.0,57,19,7.02,few clouds
25,Berezna,UA,51.5716,31.7846,68.2,79,95,9.8,overcast clouds
26,Ushuaia,AR,-54.8,-68.3,44.22,81,75,3.44,broken clouds
27,Yerbogachen,RU,61.2767,108.0108,39.51,74,41,3.65,scattered clouds
28,Pangody,RU,65.85,74.4859,41.7,51,100,10.96,overcast clouds
29,Kaniama,CD,-7.5667,24.1833,85.87,33,17,5.55,few clouds
30,Kapaa,US,22.0752,-159.319,76.12,80,90,3.0,light rain
31,Colac,AU,-38.3333,143.5833,48.16,92,100,13.85,light rain
32,Saint-Joseph,RE,-21.3667,55.6167,70.16,76,31,16.53,light rain
33,Stepnyak,KZ,52.8339,70.7803,63.52,60,100,16.82,overcast clouds
34,Tambopata,PE,-12.7333,-69.1833,80.13,80,24,1.68,few clouds
35,San Quintin,MX,30.4833,-115.95,64.44,68,100,9.53,overcast clouds
36,Nantucket,US,41.2835,-70.0995,75.54,97,46,16.69,scattered clouds
37,Carnarvon,AU,-24.8667,113.6333,66.27,55,40,18.41,light rain
38,Khatanga,RU,71.9667,102.5,36.57,78,100,9.78,overcast clouds
39,Punta Arenas,CL,-53.15,-70.9167,39.31,93,90,7.2,overcast clouds
40,Avanigadda,IN,16.0215,80.9181,91.54,54,89,12.8,overcast clouds
41,Nenjiang,CN,49.1833,125.2167,64.92,60,99,10.76,light rain
42,Adrar,MR,20.5022,-10.0711,111.6,6,0,15.66,clear sky
43,Trairi,BR,-3.2778,-39.2689,86.5,59,97,12.03,overcast clouds
44,Provideniya,RU,64.3833,-173.3,34.79,86,11,3.94,few clouds
45,Tasiilaq,GL,65.6145,-37.6368,37.76,89,92,0.29,overcast clouds
46,Clyde River,CA,70.4692,-68.5914,39.43,75,20,13.8,few clouds
47,Nikki,BJ,9.9401,3.2108,96.91,30,48,6.85,scattered clouds
48,Barrow,US,71.2906,-156.7887,30.22,93,90,18.41,light snow
49,Port Blair,IN,11.6667,92.75,81.18,86,100,14.9,very heavy rain
50,Riyadh,SA,24.6877,46.7219,104.56,7,0,15.28,clear sky
51,Maarianhamina,AX,60.0973,19.9348,71.46,56,0,9.22,clear sky
52,Jamestown,US,42.097,-79.2353,76.01,85,100,5.01,overcast clouds
53,La Asuncion,VE,11.0333,-63.8628,81.03,75,100,11.45,overcast clouds
54,Hermanus,ZA,-34.4187,19.2345,66.79,76,12,6.06,few clouds
55,Kautokeino,NO,69.0125,23.0412,59.81,55,97,4.07,overcast clouds
56,Severo-Kurilsk,RU,50.6789,156.125,42.44,96,100,6.24,overcast clouds
57,Qaanaaq,GL,77.484,-69.3632,40.82,87,99,5.75,overcast clouds
58,Avera,US,33.194,-82.5271,76.95,75,99,5.66,overcast clouds
59,Port Alfred,ZA,-33.5906,26.891,71.08,48,100,5.53,overcast clouds
60,Sovetskiy,RU,61.3614,63.5842,57.34,39,69,5.64,broken clouds
61,Butaritari,KI,3.0707,172.7902,79.92,79,55,3.6,moderate rain
62,Naze,JP,28.3667,129.4833,74.17,88,100,4.85,overcast clouds
63,Constitucion,CL,-35.3333,-72.4167,59.11,62,56,9.06,broken clouds
64,Seymchan,RU,62.8833,152.4333,42.55,80,0,2.48,clear sky
65,Castro,BR,-24.7911,-50.0119,56.77,96,100,8.1,overcast clouds
66,Havelock,US,34.8791,-76.9013,82.94,85,75,5.99,broken clouds
67,Norman Wells,CA,65.282,-126.8329,44.64,53,20,5.75,few clouds
68,George,ZA,-33.963,22.4617,72.95,35,0,9.22,clear sky
69,Faanui,PF,-16.4833,-151.75,79.18,78,98,14.88,overcast clouds
70,Kahului,US,20.8947,-156.47,76.84,76,27,8.99,scattered clouds
71,Georgetown,MY,5.4112,100.3354,84.15,77,20,0.0,few clouds
72,Vila Velha,BR,-20.3297,-40.2925,80.55,71,40,1.99,scattered clouds
73,Tiksi,RU,71.6872,128.8694,35.2,90,100,5.12,light rain
74,Bud,US,39.447,-86.1758,78.22,98,59,11.03,broken clouds
75,Vardo,NO,70.3705,31.1107,55.6,81,20,6.91,few clouds
76,Mankera,PK,31.3866,71.4407,109.26,13,0,10.87,clear sky
77,Shizunai,JP,42.3339,142.3669,53.98,96,73,4.29,broken clouds
78,Bambous Virieux,MU,-20.3428,57.7575,73.65,73,40,18.14,light rain
79,Indramayu,ID,-6.3264,108.32,80.53,76,85,4.9,overcast clouds
80,Souillac,MU,-20.5167,57.5167,73.78,73,40,18.68,light rain
81,Acapulco,MX,16.8634,-99.8901,84.31,73,100,3.49,overcast clouds
82,Hobart,AU,-42.8794,147.3294,50.25,92,75,1.01,light rain
83,Yarmouth,US,41.7057,-70.2286,90.23,63,1,5.99,clear sky
84,Hithadhoo,MV,-0.6,73.0833,82.9,74,56,10.29,broken clouds
85,Ilulissat,GL,69.2167,-51.1,43.57,61,0,5.7,clear sky
86,Kuala Terengganu,MY,5.3302,103.1408,81.28,83,99,3.83,overcast clouds
87,Torbay,CA,47.6666,-52.7314,83.88,54,40,27.63,scattered clouds
88,Kangaatsiaq,GL,68.3065,-53.4641,38.84,86,67,10.13,broken clouds
89,Lagoa,PT,39.05,-27.9833,65.21,92,58,17.98,broken clouds
90,Alexandria,EG,31.2156,29.9553,78.66,55,0,8.84,clear sky
91,Wisconsin Rapids,US,44.3836,-89.8174,85.23,72,20,5.75,few clouds
92,Yellowknife,CA,62.456,-114.3525,41.56,75,90,1.01,overcast clouds
93,Naifaru,MV,5.4444,73.3657,83.37,74,100,15.59,overcast clouds
94,Chokurdakh,RU,70.6333,147.9167,36.14,79,24,3.27,few clouds
95,Koppang,NO,61.5706,11.0555,65.44,65,100,3.94,moderate rain
96,Ishigaki,JP,24.3448,124.1572,81.19,80,100,18.23,overcast clouds
97,Senanga,ZM,-16.1167,23.2667,79.03,23,23,4.09,few clouds
98,Petropavlovsk-Kamchatskiy,RU,53.0452,158.6483,43.2,95,98,1.12,overcast clouds
99,Airai,TL,-8.9266,125.4092,57.83,92,72,2.39,broken clouds
100,Port Elizabeth,ZA,-33.918,25.5701,77.29,38,0,4.61,clear sky
101,Avarua,CK,-21.2078,-159.775,69.85,88,20,3.44,few clouds
102,Ponta Do Sol,PT,32.6667,-17.1,77.63,57,88,5.64,overcast clouds
103,Hasaki,JP,35.7333,140.8333,68.4,78,46,7.76,scattered clouds
104,Shimoda,JP,34.6667,138.95,74.16,81,3,12.88,clear sky
105,Victoria,HK,22.2855,114.1577,85.32,84,96,1.99,overcast clouds
106,Luangwa,ZM,-15.6167,30.4167,73.76,49,48,4.43,scattered clouds
107,East London,ZA,-33.0153,27.9116,70.25,56,39,9.1,scattered clouds
108,Kodiak,US,57.79,-152.4072,47.8,80,100,6.04,overcast clouds
109,Jezerski,BA,44.9808,16.0842,75.06,61,95,2.51,light rain
110,Hilo,US,19.7297,-155.09,73.27,90,90,6.91,moderate rain
111,Salalah,OM,17.0151,54.0924,83.35,85,53,11.72,broken clouds
112,Soyo,AO,-6.1349,12.3689,80.28,76,9,12.82,clear sky
113,Turukhansk,RU,65.8167,87.9833,42.46,56,86,9.93,overcast clouds
114,Albany,US,42.6001,-73.9662,87.19,70,100,0.69,overcast clouds
115,Bethel,US,41.3712,-73.414,89.49,78,100,5.88,overcast clouds
116,Bunia,CD,1.5667,30.25,78.39,57,24,3.96,few clouds
117,Hambantota,LK,6.1241,81.1185,77.34,94,40,16.51,scattered clouds
118,Port Hawkesbury,CA,45.6169,-61.3485,88.92,64,89,13.67,overcast clouds
119,Qurayyat,SA,31.3318,37.3428,91.99,8,59,16.53,broken clouds
120,Tuktoyaktuk,CA,69.4541,-133.0374,35.6,80,75,14.97,broken clouds
121,Chara,RU,56.9064,118.2631,51.39,91,100,9.35,moderate rain
122,Mallaig,CA,54.2169,-111.3685,48.33,76,100,7.36,overcast clouds
123,Nikolskoye,RU,59.7035,30.7861,69.8,39,92,8.68,overcast clouds
124,Tuatapere,NZ,-46.1333,167.6833,49.82,92,100,3.94,overcast clouds
125,Rincon,US,32.296,-81.2354,82.58,51,84,7.14,broken clouds
126,New Norfolk,AU,-42.7826,147.0587,49.91,84,99,1.95,overcast clouds
127,Mount Isa,AU,-20.7333,139.5,60.57,39,0,17.27,clear sky
128,Veinte De Noviembre,MX,14.9833,-92.25,83.23,63,100,2.28,overcast clouds
129,Fortuna,US,40.5982,-124.1573,54.93,72,90,1.01,overcast clouds
130,Uyemskiy,RU,64.4743,40.8524,62.65,39,20,6.87,few clouds
131,Bluff,NZ,-46.6,168.3333,49.8,87,100,5.99,overcast clouds
132,Port Macquarie,AU,-31.4333,152.9167,58.89,71,77,19.01,broken clouds
133,Boundiali,CI,9.5217,-6.4869,92.61,40,96,6.11,overcast clouds
134,Itaituba,BR,-4.2761,-55.9836,93.42,42,92,2.8,overcast clouds
135,Terney,RU,45.0503,136.6092,52.52,92,15,1.32,few clouds
136,Talnakh,RU,69.4865,88.3972,33.3,90,97,1.01,overcast clouds
137,Sao Filipe,CV,14.8961,-24.4956,80.42,57,55,10.85,broken clouds
138,Mumford,GH,5.2618,-0.759,84.25,70,14,12.71,few clouds
139,Rudnaya Pristan,RU,44.3614,135.8116,53.04,93,4,2.15,clear sky
140,Krasnoarmeysk,RU,51.0239,45.6969,65.16,68,79,2.59,broken clouds
141,Agadez,NE,19.75,10.25,103.57,7,100,7.45,overcast clouds
142,Seoul,KR,37.5683,126.9778,71.2,86,0,1.88,mist
143,Metro,ID,-5.1131,105.3067,75.27,92,87,5.53,overcast clouds
144,Namibe,AO,-15.1961,12.1522,84.83,54,0,17.27,clear sky
145,Saint-Philippe,RE,-21.3585,55.7679,71.15,76,36,16.44,light rain
146,San Patricio,US,28.017,-97.5169,86.72,72,41,16.58,scattered clouds
147,Port Lincoln,AU,-34.7333,135.8667,54.1,60,98,19.66,overcast clouds
148,The Pas,CA,53.8251,-101.2541,57.22,88,40,5.17,scattered clouds
149,Nishihara,JP,26.1842,127.7558,77.05,94,75,8.63,moderate rain
150,Svetlaya,RU,46.5389,138.3297,49.15,90,18,4.88,few clouds
151,Lebu,CL,-37.6167,-73.65,55.51,98,100,6.93,moderate rain
152,Okha,RU,53.5739,142.9478,44.74,90,16,5.75,few clouds
153,Tobol,KZ,52.6844,62.5794,69.89,52,58,14.25,broken clouds
154,Buraydah,SA,26.326,43.975,105.31,7,0,12.3,clear sky
155,Tivaouane,SN,14.9515,-16.8129,95.34,30,1,14.99,clear sky
156,Chuy,UY,-33.6971,-53.4616,63.16,79,98,12.86,overcast clouds
157,Waipawa,NZ,-41.4122,175.5153,50.04,93,47,3.58,scattered clouds
158,Tambovka,RU,50.0969,128.0489,64.51,74,61,8.77,broken clouds
159,Sioux Lookout,CA,50.1001,-91.917,71.67,49,90,3.44,overcast clouds
160,Ambilobe,MG,-13.2,49.05,73.33,74,1,0.63,clear sky
161,Pecos,US,31.4229,-103.4932,90.3,12,1,6.91,clear sky
162,Mananara,MG,-16.1667,49.7667,68.85,92,28,9.6,moderate rain
163,Lodja,CD,-3.4833,23.4333,93.38,29,67,4.76,broken clouds
164,Port Hedland,AU,-20.3167,118.5667,77.05,19,100,14.97,overcast clouds
165,Tessalit,ML,20.1986,1.0114,110.17,6,0,22.93,clear sky
166,Dikson,RU,73.5069,80.5464,30.69,91,15,13.76,few clouds
167,Itarema,BR,-2.9248,-39.9167,86.79,61,91,13.09,moderate rain
168,Kalmunai,LK,7.4167,81.8167,80.89,78,89,6.38,overcast clouds
169,Murray Bridge,AU,-35.1167,139.2667,48.13,69,51,17.78,broken clouds
170,Abu Samrah,SY,35.3029,37.1841,88.38,20,0,16.71,clear sky
171,Te Anau,NZ,-45.4167,167.7167,45.0,94,100,0.74,overcast clouds
172,Zhuhai,CN,22.2769,113.5678,84.11,84,40,6.69,scattered clouds
173,Dingle,PH,10.9995,122.6711,77.77,88,100,0.22,light rain
174,Port Shepstone,ZA,-30.7414,30.455,65.34,64,0,7.31,clear sky
175,Tyukhtet,RU,56.5389,89.3011,60.31,80,31,6.29,scattered clouds
176,Saldanha,ZA,-33.0117,17.9442,68.05,76,11,8.23,few clouds
177,Esperance,AU,-33.8667,121.9,51.64,72,93,11.18,overcast clouds
178,Sarakhs,IR,36.5449,61.1577,91.04,22,0,12.37,clear sky
179,Muroto,JP,33.2833,134.15,73.96,78,82,5.97,broken clouds
180,Chumikan,RU,54.7183,135.315,52.57,91,20,5.3,few clouds
181,Mitu,CO,1.1983,-70.1733,76.5,90,93,2.73,overcast clouds
182,Staryy Nadym,RU,65.6118,72.6842,43.57,51,96,10.4,overcast clouds
183,Geraldton,AU,-28.7667,114.6,64.81,42,90,27.76,moderate rain
184,Buchanan,LR,5.8808,-10.0467,85.96,73,94,8.63,light rain
185,Byron Bay,AU,-28.65,153.6167,64.71,76,17,19.93,few clouds
186,Cartagena,CO,10.3997,-75.5144,83.82,84,75,4.61,broken clouds
187,Kuusamo,FI,65.9667,29.1833,68.04,34,0,5.75,light rain
188,Necochea,AR,-38.5473,-58.7368,54.03,68,6,15.93,clear sky
189,Hamilton,US,39.1834,-84.5333,80.11,85,100,1.01,overcast clouds
190,Arraial Do Cabo,BR,-22.9661,-42.0278,76.96,83,75,14.97,broken clouds
191,Zhanaozen,KZ,43.3,52.8,78.22,33,11,14.92,few clouds
192,Bafra,TR,41.5678,35.9069,73.18,68,94,5.79,overcast clouds
193,Zyryanka,RU,65.75,150.85,46.89,62,37,2.17,scattered clouds
194,Den Helder,NL,52.9599,4.7593,78.94,60,90,8.05,overcast clouds
195,Bengkulu,ID,-3.8004,102.2655,77.23,86,100,4.45,overcast clouds
196,Mosetse,BW,-20.75,26.65,69.91,31,28,4.79,scattered clouds
197,Namuac,PH,18.6109,121.1657,80.04,85,100,5.3,heavy intensity rain
198,Mackay,AU,-21.15,149.2,68.04,86,99,5.39,overcast clouds
199,Cooma,AU,-36.2333,149.1333,38.28,96,100,1.25,overcast clouds
200,Hare Bay,CA,48.8499,-54.0148,87.26,40,4,16.4,clear sky
201,San Marcos,US,33.1434,-117.1661,64.24,76,1,3.0,clear sky
202,Vila Franca Do Campo,PT,37.7167,-25.4333,70.21,79,97,9.89,overcast clouds
203,Mackenzie,CA,55.2999,-123.1698,52.39,49,74,4.72,broken clouds
204,Mar Del Plata,AR,-38.0023,-57.5575,57.87,59,0,5.99,clear sky
205,Coquimbo,CL,-29.9533,-71.3436,51.53,76,0,2.24,fog
206,Rorvik,NO,64.8621,11.2373,57.31,82,75,12.66,broken clouds
207,Sibolga,ID,1.7427,98.7792,77.2,84,32,3.15,light rain
208,Lerwick,GB,60.1545,-1.1494,53.6,87,64,9.51,broken clouds
209,Boende,CD,-0.2167,20.8667,75.09,90,99,5.17,light rain
210,Sitka,US,57.0531,-135.33,49.89,81,1,0.0,clear sky
211,Sawtell,AU,-30.3833,153.1,62.62,72,75,14.97,light rain
212,Haines Junction,CA,60.7522,-137.5108,40.95,81,0,0.0,clear sky
213,Puerto Ayora,EC,-0.7393,-90.3518,76.96,87,75,5.01,broken clouds
214,Cap Malheureux,MU,-19.9842,57.6142,72.46,67,45,8.01,scattered clouds
215,Price,US,39.5994,-110.8107,71.11,19,3,10.96,clear sky
216,Galdar,ES,28.147,-15.6502,76.35,69,100,11.07,overcast clouds
217,Cabo San Lucas,MX,22.8909,-109.9124,92.8,51,5,3.51,clear sky
218,Quatre Cocos,MU,-20.2078,57.7625,72.09,70,92,18.23,overcast clouds
219,Stupino,RU,54.9008,38.0708,70.83,74,86,2.82,overcast clouds
220,Arona,ES,28.0996,-16.681,78.98,52,0,5.01,clear sky
221,Klaksvik,FO,62.2266,-6.589,50.92,97,54,15.41,broken clouds
222,Lumberton,US,34.6182,-79.0086,82.94,81,99,6.4,overcast clouds
223,Kununurra,AU,-15.7667,128.7333,62.58,72,1,3.44,clear sky
224,Berbera,SO,10.4396,45.0143,93.83,48,6,2.91,clear sky
225,Barguzin,RU,53.6167,109.6167,48.65,96,96,1.59,overcast clouds
226,Jalu,LY,29.0331,21.5482,100.98,11,3,0.43,clear sky
227,Aksu,CN,41.1231,80.2644,84.47,20,100,7.36,overcast clouds
228,Awbari,LY,26.5921,12.7805,103.42,9,37,9.57,scattered clouds
229,Gasa,PS,31.5,34.4667,81.91,45,20,11.45,few clouds
230,Tocopilla,CL,-22.092,-70.1979,67.95,61,99,5.37,overcast clouds
231,Magadan,RU,59.5667,150.8,42.06,93,12,2.64,few clouds
232,Sorong,ID,-0.8833,131.25,79.27,88,91,7.0,overcast clouds
233,Lentekhi,GE,42.7856,42.7261,66.88,50,39,4.52,scattered clouds
234,Rio Gallegos,AR,-51.6226,-69.2181,42.85,81,40,19.57,scattered clouds
235,Nanortalik,GL,60.1432,-45.2371,42.44,74,31,4.85,scattered clouds
236,Sabha,LY,27.0377,14.4283,102.15,9,11,7.09,few clouds
237,Ganzhou,CN,28.8184,115.4327,77.09,90,96,2.01,overcast clouds
238,Trindade,BR,-16.6494,-49.4889,85.15,28,0,7.05,clear sky
239,Na Wa,TH,17.4897,104.1006,77.59,88,100,4.83,overcast clouds
240,Mehamn,NO,71.0357,27.8492,55.31,62,0,10.36,clear sky
241,Nsanje,MW,-16.92,35.262,70.97,69,37,5.57,scattered clouds
242,Fort Madison,US,40.6298,-91.3151,83.12,83,0,0.0,clear sky
243,Kirakira,SB,-10.4544,161.9205,77.31,84,98,7.87,overcast clouds
244,Pevek,RU,69.7008,170.3133,43.57,74,5,6.17,clear sky
245,Qaqortoq,GL,60.7167,-46.0333,44.28,69,22,4.54,few clouds
246,Pitimbu,BR,-7.4706,-34.8086,84.79,75,100,10.07,overcast clouds
247,Yulara,AU,-25.2406,130.9889,49.84,53,16,8.05,few clouds
248,Elliot Lake,CA,46.3834,-82.6331,79.57,61,49,6.51,scattered clouds
249,Cayenne,GF,4.9333,-52.3333,78.84,94,75,9.62,broken clouds
250,Luderitz,NA,-26.6481,15.1594,62.33,76,0,4.09,clear sky
251,Kruisfontein,ZA,-34.0033,24.7314,68.02,40,32,7.54,scattered clouds
252,Caravelas,BR,-17.7125,-39.2481,80.91,65,42,6.29,scattered clouds
253,Baiyin,CN,36.5583,104.2081,64.72,64,100,18.21,overcast clouds
254,Itumba,TZ,-9.4,33.1833,65.88,72,22,7.25,few clouds
255,Rio Negrinho,BR,-26.2544,-49.5183,59.94,97,100,4.34,overcast clouds
256,Dezful,IR,32.3811,48.4058,106.93,3,0,18.57,clear sky
257,Mahebourg,MU,-20.4081,57.7,73.69,73,40,12.66,light rain
258,Mercedes,AR,-34.6515,-59.4307,65.86,71,10,6.38,clear sky
259,Isangel,VU,-19.55,169.2667,69.39,71,100,8.08,overcast clouds
260,Bahadurgarh,IN,28.6833,76.9167,98.71,18,0,13.38,clear sky
261,Cockburn Town,TC,21.4612,-71.1419,84.16,65,40,14.97,scattered clouds
262,Sarangani,PH,5.4033,125.4636,83.79,73,100,10.49,overcast clouds
263,Shumskiy,RU,54.8318,99.1328,55.65,82,5,5.37,clear sky
264,Vzmorye,RU,54.6961,20.2361,69.89,63,99,9.08,overcast clouds
265,Parabel,RU,58.6978,81.4825,40.84,78,100,13.82,overcast clouds
266,Port-Gentil,GA,-0.7193,8.7815,84.16,74,40,17.27,light rain
267,Kananga,CD,-5.8958,22.4178,90.82,29,41,6.58,scattered clouds
268,Lazaro Cardenas,MX,17.9583,-102.2,86.13,62,73,0.4,broken clouds
269,Komsomolskiy,UZ,40.4272,71.7189,84.92,34,5,11.5,clear sky
270,Nogliki,RU,51.8333,143.1667,41.94,94,58,8.19,broken clouds
271,Los Llanos De Aridane,ES,28.6585,-17.9182,67.75,78,0,8.21,clear sky
272,Puerto Escondido,MX,15.85,-97.0667,85.44,67,100,1.28,overcast clouds
273,Maragogi,BR,-9.0122,-35.2225,80.8,74,70,8.41,broken clouds
274,Cuenca,EC,-2.8833,-78.9833,56.84,87,98,4.0,overcast clouds
275,Kloulklubed,PW,7.0419,134.2556,75.7,71,59,4.07,broken clouds
276,Berdigestyakh,RU,62.0989,126.6992,55.85,79,98,5.17,light rain
277,Wang Saphung,TH,17.301,101.7685,79.7,93,100,3.18,light rain
278,Bosaso,SO,11.2842,49.1816,92.12,52,0,3.33,clear sky
279,Villa Guerrero,MX,18.8667,-99.65,75.58,50,58,1.52,broken clouds
280,Cherskiy,RU,68.75,161.3,38.61,82,75,11.43,broken clouds
281,Zalesovo,RU,53.9939,84.7431,61.74,68,2,5.5,clear sky
282,Meghraj,IN,23.5,73.5,92.52,48,91,11.61,overcast clouds
283,Were Ilu,ET,10.6,39.4333,65.61,37,66,10.29,broken clouds
284,Port Augusta,AU,-32.5,137.7667,44.74,65,8,13.06,clear sky
285,Rajbiraj,NP,26.5333,86.75,86.99,63,0,13.87,clear sky
286,Katsuura,JP,35.1333,140.3,73.11,79,70,14.43,broken clouds
287,Mocuba,MZ,-16.8392,36.9856,67.68,76,48,4.83,scattered clouds
288,Bodden Town,KY,19.2833,-81.25,86.94,55,40,5.99,scattered clouds
289,Council Bluffs,US,41.2619,-95.8608,84.31,67,40,4.61,scattered clouds
290,Ancud,CL,-41.8697,-73.8203,51.42,79,100,18.25,light rain
291,Vanimo,PG,-2.6741,141.3028,78.53,86,91,1.95,overcast clouds
292,Tromso,NO,69.6496,18.957,68.65,62,0,4.61,clear sky
293,Dondo,MZ,-19.6094,34.7431,71.11,81,38,6.29,scattered clouds
294,Marystown,CA,47.1666,-55.1483,63.07,78,59,20.2,broken clouds
295,Kavaratti,IN,10.5669,72.642,83.61,75,73,16.24,broken clouds
296,Lompoc,US,34.6391,-120.4579,60.57,83,90,3.0,overcast clouds
297,Isla Mujeres,MX,21.2311,-86.731,84.16,72,100,14.27,overcast clouds
298,Ereymentau,KZ,51.6199,73.1033,68.88,43,86,2.48,overcast clouds
299,Saint George,US,37.1041,-113.5841,81.07,24,0,1.01,clear sky
300,Balykshi,KZ,47.0667,51.8667,66.2,82,75,11.18,broken clouds
301,Pangnirtung,CA,66.1451,-65.7125,39.2,87,75,9.22,broken clouds
302,Eatonton,US,33.3268,-83.3885,78.78,96,77,4.34,broken clouds
303,La Ronge,CA,55.1001,-105.2842,51.13,85,76,5.32,broken clouds
304,Cozumel,MX,20.5083,-86.9458,84.11,83,75,7.0,broken clouds
305,Guerrero Negro,MX,27.9769,-114.0611,63.79,70,89,13.13,overcast clouds
306,Imeni Poliny Osipenko,RU,52.4201,136.4853,60.17,82,26,3.91,scattered clouds
307,San Carlos De Bariloche,AR,-41.1456,-71.3082,51.44,76,90,14.36,moderate rain
308,Sampit,ID,-2.5333,112.95,76.39,91,66,2.66,broken clouds
309,Januaria,BR,-15.4833,-44.3667,88.63,30,75,5.53,broken clouds
310,Muravlenko,RU,63.7898,74.523,45.59,47,88,15.1,overcast clouds
311,Tecoanapa,MX,16.5167,-98.75,84.18,74,99,2.01,overcast clouds
312,Rio Grande,BR,-32.035,-52.0986,62.71,75,100,17.81,overcast clouds
313,Vostok,RU,46.4856,135.8833,56.52,91,7,3.67,clear sky
314,Surazh,RU,53.0175,32.3918,67.59,79,87,7.9,moderate rain
315,Am Timan,TD,11.0297,20.2827,94.08,35,84,14.2,broken clouds
316,Kiama,AU,-34.6833,150.8667,55.38,66,100,5.01,overcast clouds
317,Cidreira,BR,-30.1811,-50.2056,65.05,79,100,16.8,overcast clouds
318,Ahuimanu,US,21.4447,-157.8378,74.91,74,20,14.09,few clouds
319,Kabalo,CD,-6.05,26.9167,89.76,32,54,5.03,broken clouds
320,Loreto,MX,22.2667,-101.9667,75.15,29,96,5.53,overcast clouds
321,Puerto El Triunfo,SV,13.2833,-88.55,86.16,66,58,2.59,broken clouds
322,Richards Bay,ZA,-28.783,32.0377,68.72,71,0,12.75,clear sky
323,Quebo,GW,11.3333,-14.9333,99.46,35,40,9.06,scattered clouds
324,Coihaique,CL,-45.5752,-72.0662,44.51,90,95,6.93,moderate rain
325,Ozernovskiy,RU,51.5,156.5167,43.61,97,81,2.93,broken clouds
326,Maceio,BR,-9.6658,-35.7353,80.04,78,75,11.03,broken clouds
327,Atherton,GB,53.5237,-2.4935,75.88,37,99,1.99,overcast clouds
328,Varhaug,NO,58.6147,5.6457,63.95,67,40,6.35,scattered clouds
329,Loralai,PK,30.3705,68.598,91.45,22,0,8.75,clear sky
330,Lavrentiya,RU,65.5833,-171.0,33.53,84,90,5.99,overcast clouds
331,Praia Da Vitoria,PT,38.7333,-27.0667,77.25,61,40,11.41,scattered clouds
332,Winnemucca,US,40.973,-117.7357,63.1,27,1,10.42,clear sky
333,Korla,CN,41.7597,86.1469,83.68,22,32,6.87,scattered clouds
334,Prince Rupert,CA,54.3161,-130.3201,48.29,87,75,3.44,broken clouds
335,Laguna,US,38.421,-121.4238,59.45,70,40,5.01,scattered clouds
336,Gold Coast,AU,-28.0,153.4333,64.99,86,90,3.0,overcast clouds
337,Ribeira Grande,PT,38.5167,-28.7,70.2,88,40,11.5,scattered clouds
338,Wasilla,US,61.5814,-149.4394,54.07,72,90,8.01,overcast clouds
339,Presidente Olegario,BR,-18.4178,-46.4181,79.2,34,6,5.3,clear sky
340,Olinda,BR,-8.0089,-34.8553,73.13,88,90,9.69,mist
341,Hofn,IS,64.2539,-15.2082,47.97,86,97,10.33,overcast clouds
342,Yarkovo,RU,57.4028,67.0786,56.05,46,6,6.67,clear sky
343,Berlevag,NO,70.8578,29.0864,55.35,58,75,10.36,broken clouds
344,Rzhev,RU,56.2624,34.3282,67.1,80,100,5.88,moderate rain
345,Bibiani,GH,6.4635,-2.3194,89.49,48,91,2.98,overcast clouds
346,Fort Nelson,CA,58.8053,-122.7002,45.99,66,20,4.61,few clouds
347,Tevaitoa,PF,-16.7833,-151.5,78.69,79,100,15.26,overcast clouds
348,Roald,NO,62.5833,6.1333,67.12,67,20,6.91,few clouds
349,Gilbert,US,33.3528,-111.789,85.35,18,1,1.99,clear sky
350,Sorland,NO,67.667,12.6934,53.67,70,90,5.75,overcast clouds
351,Springdale,US,36.1867,-94.1288,74.19,92,40,5.01,scattered clouds
352,Amuntai,ID,-2.4177,115.2494,79.11,78,97,1.45,overcast clouds
353,Portobelo,PA,9.55,-79.65,80.74,82,100,5.06,overcast clouds
354,Iquitos,PE,-3.7481,-73.2472,83.88,66,60,2.62,broken clouds
355,Murupara,NZ,-38.4667,176.7,54.55,83,100,4.65,overcast clouds
356,Murgab,TM,37.4966,61.9714,89.65,20,0,8.1,clear sky
357,Russell,US,32.3502,-85.1999,80.31,82,90,6.91,overcast clouds
358,Saint-Leu,RE,-21.15,55.2833,70.63,89,37,16.4,scattered clouds
359,Batagay-Alyta,RU,67.8006,130.4114,47.5,43,100,3.96,overcast clouds
360,Narsaq,GL,60.9167,-46.05,51.64,50,15,5.86,few clouds
361,Bend,US,44.0582,-121.3153,46.26,79,1,3.0,clear sky
362,Port Alberni,CA,49.2413,-124.8028,55.67,90,36,0.89,scattered clouds
363,Kavieng,PG,-2.5744,150.7967,81.37,82,99,11.95,moderate rain
364,Bilma,NE,18.6853,12.9164,106.75,7,27,6.15,scattered clouds
365,Columbus,US,39.9612,-82.9988,82.87,76,75,0.0,broken clouds
366,Gravdal,NO,68.1214,13.5031,58.68,82,75,10.36,broken clouds
367,Faya,SA,18.3851,42.4509,87.91,12,52,15.5,broken clouds
368,Fairbanks,US,64.8378,-147.7164,50.09,94,90,5.75,overcast clouds
369,Yakeshi,CN,49.2833,120.7333,54.0,94,92,6.35,overcast clouds
370,Ewo,CG,-0.8725,14.8206,85.84,56,99,4.63,overcast clouds
371,Yar-Sale,RU,66.8333,70.8333,44.67,47,99,9.24,overcast clouds
372,Waupun,US,43.6333,-88.7296,84.06,79,20,4.12,few clouds
373,Riberalta,BO,-10.9833,-66.1,80.56,80,100,1.66,overcast clouds
374,Sao Joao Da Barra,BR,-21.6403,-41.0511,80.69,75,15,4.97,few clouds
375,Cururupu,BR,-1.8283,-44.8683,87.76,59,54,4.56,broken clouds
376,Ipswich,GB,52.0592,1.1555,75.31,59,20,4.14,few clouds
377,Saint-Georges,GD,12.0564,-61.7485,80.73,80,79,14.9,broken clouds
378,Lufilufi,WS,-13.8745,-171.5986,76.78,76,36,5.82,light rain
379,Solnechnyy,RU,50.7214,136.6319,61.77,76,7,4.03,clear sky
380,Carmelo,UY,-33.9892,-58.2856,62.2,75,89,7.16,overcast clouds
381,Rawson,AR,-43.3002,-65.1023,59.94,48,100,33.98,overcast clouds
382,West Odessa,US,31.8424,-102.4988,81.88,73,75,9.46,haze
383,Tamandare,BR,-8.7597,-35.1047,80.47,75,65,8.59,broken clouds
384,Vestmanna,FO,62.1564,-7.1664,49.12,100,90,10.89,overcast clouds
385,Pisco,PE,-13.7,-76.2167,64.45,77,90,4.61,overcast clouds
386,Whyalla,AU,-33.0333,137.5833,53.37,58,9,20.38,clear sky
387,Ouro Fino,BR,-22.2831,-46.3692,76.33,49,15,0.83,few clouds
388,Pangoa,PE,-12.1167,-73.0,80.17,61,11,2.01,few clouds
389,Izhevskoye,RU,54.5567,40.8703,70.92,73,91,1.72,overcast clouds
390,Thinadhoo,MV,0.5333,72.9333,83.41,73,4,11.52,clear sky
391,Margate,GB,51.3813,1.3862,75.06,77,45,5.97,scattered clouds
392,Bardiyah,LY,31.7561,25.0865,83.46,41,2,7.47,clear sky
393,Ovalle,CL,-30.5983,-71.2003,70.07,36,0,0.78,clear sky
394,Susangerd,IR,31.5608,48.1831,109.42,3,0,23.82,clear sky
395,Grammichele,IT,37.2123,14.6397,75.92,62,47,8.99,scattered clouds
396,Yumen,CN,40.2833,97.2,67.39,22,1,9.64,clear sky
397,Qasigiannguit,GL,68.8193,-51.1922,46.65,61,15,4.14,few clouds
398,Codrington,AU,-38.2667,141.9667,51.67,70,100,28.57,overcast clouds
399,Guane,CU,22.2025,-84.0875,86.63,57,94,12.5,overcast clouds
400,Seshcha,RU,53.7361,33.3387,68.34,77,88,5.06,overcast clouds
401,Aguimes,ES,27.9054,-15.4461,74.66,69,0,25.32,clear sky
402,Ponta Delgada,PT,37.7333,-25.6667,70.52,83,75,9.22,broken clouds
403,Kamina,CD,-8.7386,24.9906,80.15,37,5,5.37,clear sky
404,Kidal,ML,18.4411,1.4078,109.96,5,0,15.05,clear sky
405,Hengshui,CN,37.7322,115.7011,80.28,52,100,13.11,light rain
406,Kokopo,PG,-4.352,152.2633,77.65,86,92,7.81,overcast clouds
407,Hirado,JP,33.3597,129.5531,74.35,79,100,6.02,light rain
408,Mayo,US,38.8876,-76.5119,86.41,77,1,3.0,clear sky
409,Hualmay,PE,-11.0964,-77.6139,67.08,73,93,4.99,overcast clouds
410,Daru,PG,-9.0763,143.2092,77.4,89,71,13.8,broken clouds
411,Mandalgovi,MN,45.7625,106.2708,53.67,48,0,8.75,clear sky
412,Kokkola,FI,63.8385,23.1307,69.96,52,0,1.99,clear sky
413,Aklavik,CA,68.2191,-135.0107,45.32,75,40,5.75,scattered clouds
414,Puerto Del Rosario,ES,28.5004,-13.8627,82.08,78,20,14.97,few clouds
415,Senneterre,CA,48.3835,-77.2328,73.69,47,50,6.08,scattered clouds
416,Wajir,KE,1.7471,40.0573,86.7,41,97,17.74,overcast clouds
417,Tranas,SE,58.0372,14.9782,72.37,38,91,6.08,overcast clouds
418,Labuhan,ID,-6.8844,112.2051,80.29,80,92,5.44,overcast clouds
419,Lasa,IT,46.6166,10.7002,75.11,92,100,2.57,overcast clouds
420,Maniitsoq,GL,65.4167,-52.9,44.74,76,85,8.68,overcast clouds
421,San Cristobal,VE,7.7669,-72.225,79.92,53,65,8.16,broken clouds
422,Garoua,CM,9.3,13.4,101.32,26,91,9.89,overcast clouds
423,Karratha,AU,-20.7377,116.8463,74.88,57,100,9.91,overcast clouds
424,Tete,MZ,-16.1564,33.5867,74.12,53,78,6.17,broken clouds
425,Puerto Colombia,CO,10.9878,-74.9547,81.01,76,100,1.36,overcast clouds
426,Waitati,NZ,-45.75,170.5667,49.8,78,75,4.54,broken clouds
427,Husavik,IS,66.0449,-17.3389,58.91,79,76,6.51,broken clouds
428,Whitehorse,CA,60.7161,-135.0538,49.1,59,21,1.36,few clouds
429,Kupang,ID,-10.1667,123.5833,76.12,71,84,11.77,broken clouds
430,Fomboni,KM,-12.28,43.7425,78.37,69,9,17.4,clear sky
431,Severo-Yeniseyskiy,RU,60.3725,93.0408,49.8,89,98,7.07,light rain
432,Anjozorobe,MG,-18.4,47.8667,57.52,85,50,9.8,scattered clouds
433,Cilegon,ID,-6.0174,106.0538,82.29,80,82,4.7,broken clouds
434,Winslow,US,35.0242,-110.6974,73.96,16,1,1.99,clear sky
435,Madimba,TZ,-10.4,40.3333,76.77,75,74,13.62,broken clouds
436,Pacific Grove,US,36.6177,-121.9166,57.94,81,19,1.99,few clouds
437,Verkhoyansk,RU,67.5447,133.385,50.07,79,100,4.05,overcast clouds
438,Chapais,CA,49.7834,-74.8492,60.58,37,37,9.48,scattered clouds
439,Lata,PT,40.1629,-8.3327,85.05,47,1,9.57,clear sky
440,West Lorne,CA,42.6001,-81.5998,79.95,77,55,8.79,broken clouds
441,Albion,US,42.2431,-84.753,80.2,77,90,6.64,overcast clouds
442,Mukhen,RU,48.1,136.1,61.52,88,8,4.59,clear sky
443,Turan,VN,16.0678,108.2208,84.25,94,75,6.91,broken clouds
444,Quelimane,MZ,-17.8786,36.8883,69.4,73,26,4.92,scattered clouds
445,Sur,OM,22.5667,59.5289,91.35,61,1,8.05,clear sky
446,Xinmin,CN,41.9908,122.8253,70.05,69,81,6.67,broken clouds
447,Urumqi,CN,43.801,87.6005,79.75,23,20,2.66,few clouds
448,Grindavik,IS,63.8424,-22.4338,51.75,81,75,8.72,broken clouds
449,Shawnee,US,39.05,-95.7669,81.05,71,75,1.99,broken clouds
450,Tezu,IN,27.9167,96.1667,75.72,87,97,2.95,overcast clouds
451,Tongliao,CN,43.6125,122.2653,70.99,57,95,13.71,overcast clouds
452,Iqaluit,CA,63.7506,-68.5145,35.33,80,90,10.0,overcast clouds
453,Hay River,CA,60.8156,-115.7999,41.32,80,100,0.83,overcast clouds
454,Nayoro,JP,44.3506,142.4578,44.53,89,100,1.97,overcast clouds
455,Nizwa,OM,22.9333,57.5333,85.86,56,80,11.61,broken clouds
456,Lapeer,US,43.0514,-83.3188,81.25,73,90,0.0,overcast clouds
457,Urucara,BR,-2.5364,-57.76,91.69,50,45,3.85,scattered clouds
458,Dicabisagan,PH,17.0818,122.4157,80.15,86,100,2.84,light rain
459,Amurzet,RU,47.6967,131.0981,64.27,72,65,4.88,broken clouds
460,Panzhihua,CN,26.5851,101.7128,71.19,84,100,2.39,overcast clouds
461,Chicama,PE,-7.8447,-79.1469,64.94,72,93,7.14,overcast clouds
462,Jardim,BR,-21.4803,-56.1381,75.27,73,99,3.6,overcast clouds
463,Arman,RU,59.7,150.1667,42.89,91,10,0.76,clear sky
464,Vila Do Maio,CV,15.1333,-23.2167,90.39,84,1,14.88,clear sky
465,Pangkalanbuun,ID,-2.6833,111.6167,75.83,93,100,2.15,overcast clouds
466,Palestine,PS,31.9216,35.2033,74.93,47,34,14.63,scattered clouds
467,Rome,US,34.257,-85.1647,81.88,80,75,1.99,broken clouds
468,Penzance,GB,50.1186,-5.5371,63.61,83,40,14.97,scattered clouds
469,Coahuayana,MX,18.7333,-103.6833,86.83,57,15,1.39,few clouds
470,Lovozero,RU,68.005,35.0117,59.31,57,62,8.37,broken clouds
471,Marzuq,YE,14.4,46.4667,92.73,22,49,8.5,scattered clouds
472,Muros,ES,42.7762,-9.0603,79.68,43,15,16.22,few clouds
473,Champerico,GT,14.3,-91.9167,87.35,73,100,4.18,overcast clouds
474,Belaya Gora,RU,68.5333,146.4167,39.38,81,5,7.11,clear sky
475,Yangjiang,CN,21.85,111.9667,78.78,87,58,3.36,broken clouds
476,Evanston,US,42.0411,-87.6901,82.15,73,75,1.63,broken clouds
477,Porbandar,IN,21.6422,69.6093,86.56,73,16,16.55,few clouds
478,Brownsville,US,25.9018,-97.4975,87.03,77,75,7.0,broken clouds
479,Fukuma,JP,33.7667,130.4667,77.09,74,100,2.37,overcast clouds
480,Proletariy,RU,58.4342,31.7046,70.41,53,34,9.6,scattered clouds
481,Puerto Leguizamo,CO,-0.1934,-74.7819,75.61,81,98,2.35,overcast clouds
482,Colesberg,ZA,-30.72,25.0972,56.08,40,97,9.66,overcast clouds
483,Ca Mau,VN,9.1769,105.15,78.49,89,92,3.89,overcast clouds
484,Rio Bananal,BR,-19.265,-40.3333,84.67,48,6,2.44,clear sky
485,Bereda,ES,43.2686,-7.5406,76.41,38,19,6.76,few clouds
486,Filingue,NE,14.3521,3.3168,106.11,18,7,5.14,clear sky
487,Bozhou,CN,33.8772,115.7703,81.25,41,98,9.53,light rain
488,Mount Gambier,AU,-37.8333,140.7667,50.09,64,100,17.18,overcast clouds
489,Abonnema,NG,4.7084,6.7931,84.85,70,83,7.74,moderate rain
490,Prabumulih,ID,-3.45,104.25,75.61,89,100,3.71,overcast clouds
491,Itai,BR,-23.4178,-49.0906,62.6,86,100,8.5,light rain
492,Zdvinsk,RU,54.7021,78.661,53.89,66,6,15.12,clear sky
493,San Rafael,AR,-34.6177,-68.3301,60.3,40,100,12.39,overcast clouds
494,Lorengau,PG,-2.0226,147.2712,80.76,79,74,1.61,broken clouds
495,Shelburne,CA,44.0787,-80.2041,72.9,98,95,2.19,overcast clouds
496,Bouca,CF,6.5105,18.2733,75.22,83,100,3.06,overcast clouds
497,Santa Cruz,BO,-17.8,-63.1667,68.05,83,75,17.27,broken clouds
498,Axim,GH,4.8699,-2.2405,84.34,70,51,9.78,light rain
499,Punuare,HN,14.7333,-85.9667,92.16,56,55,3.78,broken clouds
500,Verkhnevilyuysk,RU,63.4453,120.3167,43.74,97,33,4.61,light rain
501,Matagami,CA,49.7502,-77.6328,64.9,41,100,6.69,overcast clouds
502,Hat Yai,TH,7.0084,100.4767,82.58,89,20,1.45,few clouds
503,Ballina,AU,-28.8667,153.5667,66.16,73,40,9.22,scattered clouds
504,Porto Novo,BJ,6.4965,2.6036,73.22,65,91,8.12,moderate rain
505,Seevetal,DE,53.4,9.9667,76.57,56,0,5.41,clear sky
506,Kudahuvadhoo,MV,2.6708,72.8944,83.66,71,68,15.01,broken clouds
507,Alekseyevsk,RU,57.8406,108.3492,46.15,51,5,3.8,clear sky
508,Vestmannaeyjar,IS,63.4427,-20.2734,49.01,76,100,4.54,overcast clouds
509,Sinnamary,GF,5.3833,-52.95,80.69,87,50,10.85,scattered clouds
510,Kaka,TM,37.3482,59.6143,89.92,24,0,5.66,clear sky
511,Nelson Bay,AU,-32.7167,152.15,55.09,95,100,1.01,light rain
512,Sisian,AM,39.5256,46.0251,79.16,58,26,3.11,scattered clouds
513,Ingenbohl,CH,47.0046,8.6148,71.62,73,75,3.69,broken clouds
514,Gazli,UZ,40.1333,63.45,91.18,13,0,13.11,clear sky
515,Nome,US,64.5011,-165.4064,37.47,87,90,4.61,light rain
516,Nago,JP,26.5881,127.9761,77.85,88,100,7.29,overcast clouds
517,San Francisco,US,37.7749,-122.4194,59.13,83,75,5.01,broken clouds
518,Kosovo Polje,XK,42.6394,21.0961,76.96,43,20,11.01,few clouds
519,Sambava,MG,-14.2667,50.1667,74.89,67,0,13.6,clear sky
520,Olafsvik,IS,64.8945,-23.7142,47.95,81,100,4.18,overcast clouds
521,Sivaki,RU,52.6333,126.75,64.69,61,75,10.63,broken clouds
522,Baykit,RU,61.67,96.37,43.47,79,100,9.69,overcast clouds
523,Beringovskiy,RU,63.05,179.3167,34.93,99,100,1.77,overcast clouds
524,Miguel Hidalgo,MX,19.4225,-99.2028,69.73,42,75,2.33,broken clouds
525,Tshikapa,CD,-6.4167,20.8,93.2,28,62,4.12,broken clouds
526,Lixourion,GR,38.2019,20.4314,84.06,57,0,11.21,clear sky
527,Custoias,PT,41.1053,-7.321,87.08,14,2,10.98,clear sky
528,Alta Floresta,BR,-9.8756,-56.0861,86.34,41,83,5.41,broken clouds
529,Abu Zabad,SD,12.35,29.25,96.96,25,61,6.96,broken clouds
530,Broome,US,42.2506,-75.833,78.93,86,75,1.99,broken clouds
531,Necocli,CO,8.4234,-76.786,79.95,85,58,8.48,broken clouds
532,Acatzingo,MX,18.9833,-97.7833,65.52,53,42,1.97,scattered clouds
533,Bairiki,KI,1.3292,172.9752,77.0,94,75,7.18,broken clouds
534,Kungurtug,RU,50.5994,97.5228,46.85,81,26,3.8,scattered clouds
535,Ha Giang,VN,22.8333,104.9833,76.73,96,58,1.59,broken clouds
536,Benguela,AO,-12.5763,13.4055,83.97,46,82,6.55,broken clouds
537,East Hemet,US,33.74,-116.9389,72.32,76,59,1.99,broken clouds
538,Port-Cartier,CA,50.0334,-66.8654,69.08,41,16,14.63,few clouds
539,Conde,BR,-7.2597,-34.9075,80.82,74,98,11.7,overcast clouds
540,Adjumani,UG,3.3779,31.7909,84.6,46,48,1.99,scattered clouds
541,Canmore,CA,51.0834,-115.3521,48.24,70,75,3.18,broken clouds
542,Inirida,CO,3.8653,-67.9239,86.63,64,95,1.05,overcast clouds
543,Salinopolis,BR,-0.6136,-47.3561,84.13,71,96,6.98,moderate rain
544,Auki,SB,-8.7676,160.7034,75.56,87,79,5.39,broken clouds
545,Kincardine,GB,56.0667,-3.7167,69.93,65,96,10.47,overcast clouds
546,Bukachacha,RU,52.9833,116.9167,51.24,96,100,4.43,overcast clouds
547,Taywarah,AF,33.35,64.4167,74.21,16,73,16.67,broken clouds
548,Punta Gorda,US,26.9298,-82.0454,89.01,60,40,7.0,scattered clouds
549,Igrim,RU,63.1906,64.4162,54.9,30,66,7.4,broken clouds
550,Raudeberg,NO,61.9875,5.1352,65.8,78,14,1.66,few clouds
551,La Libertad,EC,-2.2333,-80.9,73.51,75,83,6.89,broken clouds
552,Along,IN,28.1667,94.7667,72.59,99,95,3.13,overcast clouds
553,Armidale,AU,-30.5167,151.65,44.82,96,99,15.52,light rain
554,Gaoua,BF,10.2992,-3.2508,97.27,34,16,4.59,few clouds
555,Melo,UY,-32.3667,-54.1833,61.43,84,100,12.28,overcast clouds
556,Vaitape,PF,-16.5167,-151.75,79.11,78,100,14.85,overcast clouds
557,Galesong,ID,-5.3166,119.3661,77.02,82,94,7.18,overcast clouds
558,Taoudenni,ML,22.6783,-3.9836,117.91,6,4,11.77,clear sky
559,Ukiah,US,39.1502,-123.2078,55.13,82,91,1.01,overcast clouds
560,Udhampur,IN,32.9333,75.1333,92.3,27,0,1.25,clear sky
561,Plouzane,FR,48.3833,-4.6167,73.49,72,20,8.3,few clouds
562,Lagos,NG,6.5833,3.75,80.11,85,100,5.03,overcast clouds
563,Aksarka,RU,66.5606,67.7975,47.97,41,97,4.38,overcast clouds
564,Pemba,MZ,-12.974,40.5178,77.72,71,24,18.63,light rain
565,Tire,TR,38.0888,27.7351,86.74,32,24,12.33,few clouds
566,Oktyabrskiy,RU,54.4815,53.471,67.82,72,46,6.67,scattered clouds
567,Kurtamysh,RU,54.9103,64.4319,59.52,54,7,11.01,clear sky
568,Vicuna,CL,-30.0319,-70.7081,47.93,11,0,3.36,clear sky
569,Agua Verde,MX,22.9,-106.05,88.12,68,100,2.48,overcast clouds
570,Nortelandia,BR,-14.4547,-56.8028,92.91,32,27,4.41,scattered clouds
571,Adre,TD,13.4667,22.2,99.39,15,32,9.75,scattered clouds
572,Leiyang,CN,26.4024,112.8591,80.37,78,100,3.42,overcast clouds
573,Kieta,PG,-6.2167,155.6333,80.33,83,94,7.02,overcast clouds
574,Salou,ES,41.0766,1.1416,85.84,67,20,7.0,few clouds
575,Saskylakh,RU,71.9167,114.0833,39.74,61,98,11.16,overcast clouds
576,Santa Maria,BR,-29.6842,-53.8069,62.2,92,100,5.03,light rain
577,Snezhnogorsk,RU,69.1933,33.2531,62.38,70,100,6.85,overcast clouds
578,Morden,CA,49.1919,-98.1014,72.23,62,100,5.17,overcast clouds
579,Srednekolymsk,RU,67.45,153.6833,41.2,76,69,13.58,broken clouds
580,Sakaiminato,JP,35.55,133.2333,66.78,84,82,3.2,broken clouds
581,Realeza,BR,-25.7689,-53.5325,60.28,97,100,5.28,light rain
582,Bom Jesus,BR,-9.0744,-44.3586,94.19,26,59,7.61,broken clouds
583,Aliaga,PH,15.5167,120.8667,80.1,87,100,4.36,overcast clouds
584,Boysun,UZ,38.2061,67.1986,80.92,26,0,9.66,clear sky
585,Yeppoon,AU,-23.1333,150.7333,60.58,82,99,7.43,light rain
586,Ahipara,NZ,-35.1667,173.1667,59.23,85,94,13.2,overcast clouds
587,Maua,BR,-23.6678,-46.4614,68.09,97,94,6.38,overcast clouds
588,Pocoes,BR,-14.5297,-40.3653,80.17,47,72,6.42,broken clouds
589,Maumere,ID,-8.6199,122.2111,77.5,79,100,6.35,overcast clouds
590,Aswan,EG,24.0934,32.907,105.91,9,0,17.49,clear sky
591,Henties Bay,NA,-22.116,14.2845,63.86,67,0,11.99,clear sky
592,Ranong,TH,9.9658,98.6348,79.99,86,100,11.97,overcast clouds
593,Owensboro,US,37.7742,-87.1133,78.89,94,20,6.91,few clouds
594,Marsaxlokk,MT,35.8419,14.5431,77.61,57,20,16.11,few clouds
595,Boyolangu,ID,-8.1181,111.8935,76.08,88,95,2.51,overcast clouds
596,Ngunguru,NZ,-35.6167,174.5,57.16,92,95,23.76,overcast clouds
597,Pokhara,NP,28.2333,83.9833,73.53,73,95,6.44,overcast clouds
598,Tomatlan,MX,19.9333,-105.25,86.65,52,39,3.4,scattered clouds
599,Bayevo,RU,53.2833,80.7667,68.68,60,89,12.03,overcast clouds
600,Marathon,US,44.9,-89.7668,81.99,76,1,2.59,clear sky
601,Boa Vista,BR,2.8197,-60.6733,84.18,70,75,10.36,broken clouds
602,Mareeba,AU,-17.0,145.4333,65.12,96,42,0.89,scattered clouds
603,Bathsheba,BB,13.2167,-59.5167,88.41,55,40,19.44,scattered clouds
604,Terrace,CA,54.5163,-128.6035,50.43,73,81,3.4,broken clouds
605,Dongsheng,CN,39.8161,109.9776,69.58,20,69,9.19,broken clouds
606,Point Pedro,LK,9.8167,80.2333,83.19,79,96,21.47,overcast clouds
607,Jesus Carranza,MX,17.4333,-95.0333,85.39,66,97,5.06,overcast clouds
608,Faratsiho,MG,-19.4,46.95,51.51,61,51,4.41,broken clouds
609,Harrison,US,30.4091,-89.0436,87.82,82,75,14.97,broken clouds
610,Salisbury,GB,51.0693,-1.7957,74.28,50,75,9.22,broken clouds
611,Rio Cuarto,AR,-33.1307,-64.3499,58.84,58,0,14.97,clear sky
612,Escarcega,MX,18.6089,-90.7454,88.5,52,100,7.7,overcast clouds
613,Mananjary,MG,-21.2167,48.3333,67.98,75,1,5.03,clear sky
614,Mykolayivka,UA,47.5414,30.7561,73.44,60,100,10.8,overcast clouds
615,Hailar,CN,49.2,119.7,55.51,84,63,8.66,broken clouds
616,Ulaanbaatar,MN,47.9077,106.8832,48.33,71,20,5.17,few clouds
617,Muisne,EC,0.6,-80.0333,78.21,80,95,6.22,overcast clouds
618,Innisfail,AU,-17.5333,146.0333,67.33,95,13,3.96,few clouds
619,Sungairaya,ID,0.7,108.9,79.66,85,100,1.3,overcast clouds
620,Evensk,RU,61.95,159.2333,43.86,95,90,4.79,overcast clouds
621,Ambulu,ID,-8.345,113.6058,76.26,89,77,3.65,broken clouds
622,Spirovo,RU,57.419,34.9766,66.52,76,90,8.99,overcast clouds
623,Thessalon,CA,46.2501,-83.5666,79.09,88,74,4.5,broken clouds
624,Buta,CD,2.7858,24.73,87.33,51,74,0.85,broken clouds
625,Huarmey,PE,-10.0681,-78.1522,68.63,74,92,6.8,overcast clouds
626,Bujaru,BR,-1.515,-48.0447,82.42,51,93,3.94,overcast clouds
627,Murici,BR,-9.3067,-35.9433,79.09,78,72,9.04,broken clouds
628,Tupanatinga,BR,-8.7533,-37.3397,78.28,60,81,10.36,broken clouds
629,Buala,SB,-8.145,159.5921,79.45,82,88,8.9,overcast clouds
630,Killarney,IE,52.05,-9.5167,59.94,93,99,6.78,overcast clouds
631,Cavalcante,BR,-13.7975,-47.4583,82.62,34,90,7.87,overcast clouds
632,Christchurch,NZ,-43.5333,172.6333,52.92,97,90,4.0,fog
633,Sakakah,SA,29.9697,40.2064,101.37,6,0,14.76,clear sky
634,Vilyuysk,RU,63.7553,121.6247,45.39,98,73,5.06,light rain
635,Alquizar,CU,22.8058,-82.5842,84.69,54,100,11.92,overcast clouds
636,Shache,CN,38.4167,77.2406,86.72,17,66,9.28,broken clouds
637,Inta,RU,66.0317,60.1659,51.58,37,72,10.96,broken clouds
638,Mokhsogollokh,RU,61.4681,128.9203,60.73,60,67,6.98,broken clouds
639,Surt,LY,31.2089,16.5887,74.59,69,11,13.76,few clouds
640,Leningradskiy,RU,69.3833,178.4167,34.29,88,37,9.4,scattered clouds
641,Torres,BR,-29.3353,-49.7269,64.26,80,100,6.89,moderate rain
642,Maine-Soroa,NE,13.2114,12.0241,105.85,11,54,12.75,broken clouds
643,Linhares,BR,-19.3911,-40.0722,85.5,49,9,1.81,clear sky
644,Paita,PE,-5.0892,-81.1144,77.56,71,64,9.33,broken clouds
645,Flinders,AU,-34.5833,150.8552,55.18,67,100,1.01,overcast clouds
646,Fort-Shevchenko,KZ,44.5086,50.263,69.8,61,0,9.82,clear sky
647,Aktas,KZ,49.7789,72.9608,67.75,52,91,9.4,overcast clouds
648,Kendari,ID,-3.945,122.4989,75.78,85,40,1.72,scattered clouds
649,Gao,ML,16.6362,1.637,108.14,11,10,4.25,clear sky
650,Placido De Castro,BR,-10.3353,-67.1856,80.37,77,99,1.1,overcast clouds
651,Campo Maior,BR,-4.8278,-42.1686,91.99,40,74,4.32,broken clouds
652,Xuddur,SO,4.1213,43.8894,82.26,53,63,21.77,broken clouds
653,Krasnoarmeyskiy,RU,47.0114,42.2072,67.42,75,92,10.42,light rain
654,Conroe,US,30.3119,-95.456,87.62,77,40,1.01,scattered clouds
655,Laurinburg,US,34.7741,-79.4628,79.02,90,90,6.91,overcast clouds
656,Crasna,RO,47.1667,22.9,79.16,61,10,5.86,clear sky
657,Coruripe,BR,-10.1256,-36.1756,80.62,72,86,11.18,overcast clouds
658,Tulun,RU,54.5611,100.5792,53.98,84,0,5.95,clear sky
659,Mazagao,BR,-0.115,-51.2894,89.65,63,81,4.05,broken clouds
660,Alofi,NU,-19.0595,-169.9187,76.89,94,75,10.36,broken clouds
661,Menongue,AO,-14.6585,17.691,81.09,18,80,1.7,broken clouds
662,Malartic,CA,48.1335,-78.1328,71.02,60,53,5.41,broken clouds
663,Ipixuna,BR,-1.7625,-48.8043,82.35,63,97,2.24,overcast clouds
664,Tabou,CI,4.423,-7.3528,83.64,69,92,7.76,overcast clouds
665,Bilibino,RU,68.0546,166.4372,49.91,87,100,6.17,light rain
666,Safranbolu,TR,41.2508,32.6942,64.13,75,100,1.95,overcast clouds
667,Dakar,SN,14.6937,-17.4441,95.88,76,5,11.21,clear sky
668,Pilar,BR,-9.5972,-35.9567,78.73,75,60,9.66,broken clouds
669,Podyuga,RU,61.095,40.8647,66.15,32,2,6.42,clear sky
670,Bafq,IR,31.6128,55.4107,99.88,8,0,13.85,clear sky
671,Susehri,TR,40.1644,38.0867,70.56,46,47,5.5,scattered clouds
672,Terebovlya,UA,49.3019,25.71,68.65,76,14,9.75,few clouds
673,Umm Kaddadah,SD,13.6017,26.6876,102.7,11,33,5.97,scattered clouds
674,Granville,AU,-33.8333,151.0167,55.36,95,75,4.99,light rain
675,Guajara,BR,-2.9667,-57.6667,90.7,53,74,3.27,broken clouds
676,Punto Fijo,VE,11.6956,-70.1996,83.98,66,99,22.44,overcast clouds
677,Machali,CL,-34.1833,-70.6667,56.48,51,2,1.95,haze
